record_id,run_id,sample_number,raw_adc,temperature_c,unit,sensor_status
1,1,1,512,25.0,C,OK
2,1,2,512,25.0,C,OK
3,1,3,512,25.0,C,OK
4,1,4,512,25.0,C,OK
5,1,5,512,25.0,C,OK
6,1,6,512,25.0,C,OK
7,1,7,512,25.0,C,OK
8,1,8,512,25.0,C,OK
9,1,9,512,25.0,C,OK
10,1,10,512,25.0,C,OK
11,1,11,512,25.0,C,OK
12,1,12,512,25.0,C,OK
13,1,13,512,25.0,C,OK
14,1,14,512,25.0,C,OK
15,1,15,512,25.0,C,OK
16,1,16,512,25.0,C,OK
17,1,17,512,25.0,C,OK
18,1,18,512,25.0,C,OK
19,1,19,512,25.0,C,OK
20,1,20,512,25.0,C,OK
21,1,21,512,25.0,C,OK
22,1,22,512,25.0,C,OK
23,1,23,489,27.0,C,OK
24,1,24,489,27.0,C,OK
25,1,25,489,27.0,C,OK
26,1,26,489,27.0,C,OK
27,1,27,489,27.0,C,OK
28,1,28,489,27.0,C,OK
29,1,29,489,27.0,C,OK
30,1,30,489,27.0,C,OK
31,1,31,489,27.0,C,OK
32,1,32,489,27.0,C,OK
33,1,33,489,27.0,C,OK
34,1,34,489,27.0,C,OK
35,1,35,489,27.0,C,OK
36,1,36,489,27.0,C,OK
37,1,37,489,27.0,C,OK
38,1,38,489,27.0,C,OK
39,1,39,489,27.0,C,OK
40,1,40,489,27.0,C,OK
41,1,41,489,27.0,C,OK
42,1,42,467,29.0,C,OK
43,1,43,512,25.0,C,OK
44,1,44,512,25.0,C,OK
45,1,45,546,22.0,C,OK
46,1,46,534,23.0,C,OK
47,1,47,534,23.0,C,OK
48,1,48,534,23.0,C,OK
49,1,49,534,23.0,C,OK
50,1,50,534,23.0,C,OK
51,1,51,534,23.0,C,OK
52,1,52,534,23.0,C,OK
53,1,53,534,23.0,C,OK
54,1,54,534,23.0,C,OK
55,1,55,534,23.0,C,OK
56,1,56,534,23.0,C,OK
57,1,57,534,23.0,C,OK
58,1,58,534,23.0,C,OK
59,1,59,534,23.0,C,OK
60,1,60,534,23.0,C,OK
61,1,61,534,23.0,C,OK
62,1,62,241,54.1,C,OUT_OF_RANGE
63,1,63,187,63.0,C,OUT_OF_RANGE
64,1,64,153,70.0,C,OUT_OF_RANGE
65,1,65,153,70.0,C,OUT_OF_RANGE
66,1,66,153,70.0,C,OUT_OF_RANGE
67,1,67,153,70.0,C,OUT_OF_RANGE
68,1,68,153,70.0,C,OUT_OF_RANGE
69,1,69,153,70.0,C,OUT_OF_RANGE
70,1,70,153,70.0,C,OUT_OF_RANGE
71,1,71,153,70.0,C,OUT_OF_RANGE
72,1,72,153,70.0,C,OUT_OF_RANGE
73,1,73,153,70.0,C,OUT_OF_RANGE
74,1,74,153,70.0,C,OUT_OF_RANGE
75,1,75,153,70.0,C,OUT_OF_RANGE
76,1,76,153,70.0,C,OUT_OF_RANGE
77,1,77,153,70.0,C,OUT_OF_RANGE
78,1,78,153,70.0,C,OUT_OF_RANGE
79,1,79,153,70.0,C,OUT_OF_RANGE
80,1,80,153,70.0,C,OUT_OF_RANGE
81,1,81,393,36.0,C,OK
82,1,82,639,14.0,C,OK
83,1,83,512,25.0,C,OK
84,1,84,512,25.0,C,OK
85,1,85,512,25.0,C,OK
86,1,86,512,25.0,C,OK
87,1,87,512,25.0,C,OK
88,1,88,512,25.0,C,OK
89,1,89,512,25.0,C,OK
90,1,90,512,25.0,C,OK
91,1,91,512,25.0,C,OK
92,1,92,523,24.0,C,OK
93,1,93,489,27.0,C,OK
94,1,94,489,27.0,C,OK
95,1,95,489,27.0,C,OK
96,1,96,489,27.0,C,OK
97,1,97,489,27.0,C,OK
98,1,98,489,27.0,C,OK
99,1,99,489,27.0,C,OK
100,1,100,489,27.0,C,OK
101,2,1,489,27.0,C,OK
102,2,2,489,27.0,C,OK
103,2,3,489,27.0,C,OK
104,2,4,489,27.0,C,OK
105,2,5,489,27.0,C,OK
106,2,6,489,27.0,C,OK
107,2,7,489,27.0,C,OK
108,2,8,489,27.0,C,OK
109,2,9,489,27.0,C,OK
110,2,10,489,27.0,C,OK
111,2,11,489,27.0,C,OK
112,2,12,489,27.0,C,OK
113,2,13,489,27.0,C,OK
114,2,14,489,27.0,C,OK
115,2,15,489,27.0,C,OK
116,2,16,489,27.0,C,OK
117,2,17,489,27.0,C,OK
118,2,18,489,27.0,C,OK
119,2,19,489,27.0,C,OK
120,2,20,489,27.0,C,OK
121,2,21,489,27.0,C,OK
122,2,22,489,27.0,C,OK
123,2,23,489,27.0,C,OK
124,2,24,489,27.0,C,OK
125,2,25,489,27.0,C,OK
