record_id,run_id,sample_number,raw_adc,temperature_c,unit,sensor_status,failure_injected,filter_decision
1,1,1,512,25.0,C,OK,false,ACCEPT
2,1,2,512,25.0,C,OK,false,ACCEPT
3,1,3,512,25.0,C,OK,false,ACCEPT
4,1,4,512,25.0,C,OK,false,ACCEPT
5,1,5,512,25.0,C,OK,false,ACCEPT
6,1,6,512,25.0,C,OK,false,ACCEPT
7,1,7,512,25.0,C,OK,false,ACCEPT
8,1,8,512,25.0,C,OK,false,ACCEPT
9,1,9,512,25.0,C,OK,false,ACCEPT
10,1,10,512,25.0,C,OK,false,ACCEPT
11,1,11,512,25.0,C,OK,false,ACCEPT
12,1,12,512,25.0,C,OK,false,ACCEPT
13,1,13,512,25.0,C,OK,false,ACCEPT
14,1,14,512,25.0,C,OK,false,ACCEPT
15,1,15,512,25.0,C,OK,false,ACCEPT
16,1,16,512,25.0,C,OK,false,ACCEPT
17,1,17,512,25.0,C,OK,false,ACCEPT
18,1,18,512,25.0,C,OK,false,ACCEPT
19,1,19,512,25.0,C,OK,false,ACCEPT
20,1,20,512,25.0,C,OK,false,ACCEPT
21,1,21,512,25.0,C,OK,false,ACCEPT
22,1,22,512,25.0,C,OK,false,ACCEPT
23,1,23,489,27.0,C,OK,false,ACCEPT
24,1,24,489,27.0,C,OK,false,ACCEPT
25,1,25,489,27.0,C,OK,false,ACCEPT
26,1,26,489,27.0,C,OK,false,ACCEPT
27,1,27,489,27.0,C,OK,false,ACCEPT
28,1,28,489,27.0,C,OK,false,ACCEPT
29,1,29,489,27.0,C,OK,false,ACCEPT
30,1,30,489,27.0,C,OK,false,ACCEPT
31,1,31,489,27.0,C,OK,false,ACCEPT
32,1,32,489,27.0,C,OK,false,ACCEPT
33,1,33,489,27.0,C,OK,false,ACCEPT
34,1,34,489,27.0,C,OK,false,ACCEPT
35,1,35,489,27.0,C,OK,false,ACCEPT
36,1,36,489,27.0,C,OK,false,ACCEPT
37,1,37,489,27.0,C,OK,false,ACCEPT
38,1,38,489,27.0,C,OK,false,ACCEPT
39,1,39,489,27.0,C,OK,false,ACCEPT
40,1,40,489,27.0,C,OK,false,ACCEPT
41,1,41,489,27.0,C,OK,false,ACCEPT
42,1,42,467,29.0,C,OK,false,ACCEPT
43,1,43,512,25.0,C,OK,false,ACCEPT
44,1,44,512,25.0,C,OK,false,ACCEPT
45,1,45,546,22.0,C,OK,false,ACCEPT
46,1,46,534,23.0,C,OK,false,ACCEPT
47,1,47,534,23.0,C,OK,false,ACCEPT
48,1,48,534,23.0,C,OK,false,ACCEPT
49,1,49,534,23.0,C,OK,false,ACCEPT
50,1,50,534,23.0,C,OK,false,ACCEPT
51,1,51,534,23.0,C,OK,false,ACCEPT
52,1,52,534,23.0,C,OK,false,ACCEPT
53,1,53,534,23.0,C,OK,false,ACCEPT
54,1,54,534,23.0,C,OK,false,ACCEPT
55,1,55,534,23.0,C,OK,false,ACCEPT
56,1,56,534,23.0,C,OK,false,ACCEPT
57,1,57,534,23.0,C,OK,false,ACCEPT
58,1,58,534,23.0,C,OK,false,ACCEPT
59,1,59,534,23.0,C,OK,false,ACCEPT
60,1,60,534,23.0,C,OK,false,ACCEPT
61,1,61,534,23.0,C,OK,false,ACCEPT
62,1,62,241,54.1,C,OUT_OF_RANGE,false,REJECT_RANGE
63,1,63,187,63.0,C,OUT_OF_RANGE,false,REJECT_RANGE
64,1,64,153,70.0,C,OUT_OF_RANGE,false,REJECT_RANGE
65,1,65,153,70.0,C,OUT_OF_RANGE,false,REJECT_RANGE
66,1,66,153,70.0,C,OUT_OF_RANGE,false,REJECT_RANGE
67,1,67,153,70.0,C,OUT_OF_RANGE,false,REJECT_RANGE
68,1,68,153,70.0,C,OUT_OF_RANGE,false,REJECT_RANGE
69,1,69,153,70.0,C,OUT_OF_RANGE,false,REJECT_RANGE
70,1,70,153,70.0,C,OUT_OF_RANGE,false,REJECT_RANGE
71,1,71,153,70.0,C,OUT_OF_RANGE,false,REJECT_RANGE
72,1,72,153,70.0,C,OUT_OF_RANGE,false,REJECT_RANGE
73,1,73,153,70.0,C,OUT_OF_RANGE,false,REJECT_RANGE
74,1,74,153,70.0,C,OUT_OF_RANGE,false,REJECT_RANGE
75,1,75,153,70.0,C,OUT_OF_RANGE,false,REJECT_RANGE
76,1,76,153,70.0,C,OUT_OF_RANGE,false,REJECT_RANGE
77,1,77,153,70.0,C,OUT_OF_RANGE,false,REJECT_RANGE
78,1,78,153,70.0,C,OUT_OF_RANGE,false,REJECT_RANGE
79,1,79,153,70.0,C,OUT_OF_RANGE,false,REJECT_RANGE
80,1,80,153,70.0,C,OUT_OF_RANGE,false,REJECT_RANGE
81,1,81,393,36.0,C,OK,false,ACCEPT
82,1,82,639,14.0,C,OK,false,ACCEPT
83,1,83,512,25.0,C,OK,false,ACCEPT
84,1,84,512,25.0,C,OK,false,ACCEPT
85,1,85,512,25.0,C,OK,false,ACCEPT
86,1,86,512,25.0,C,OK,false,ACCEPT
87,1,87,512,25.0,C,OK,false,ACCEPT
88,1,88,512,25.0,C,OK,false,ACCEPT
89,1,89,512,25.0,C,OK,false,ACCEPT
90,1,90,512,25.0,C,OK,false,ACCEPT
91,1,91,512,25.0,C,OK,false,ACCEPT
92,1,92,523,24.0,C,OK,false,ACCEPT
93,1,93,489,27.0,C,OK,false,ACCEPT
94,1,94,489,27.0,C,OK,false,ACCEPT
95,1,95,489,27.0,C,OK,false,ACCEPT
96,1,96,489,27.0,C,OK,false,ACCEPT
97,1,97,489,27.0,C,OK,false,ACCEPT
98,1,98,489,27.0,C,OK,false,ACCEPT
99,1,99,489,27.0,C,OK,false,ACCEPT
100,1,100,489,27.0,C,OK,false,ACCEPT
101,2,1,489,27.0,C,OK,false,ACCEPT
102,2,2,489,27.0,C,OK,false,ACCEPT
103,2,3,489,27.0,C,OK,false,ACCEPT
104,2,4,489,27.0,C,OK,false,ACCEPT
105,2,5,489,27.0,C,OK,false,ACCEPT
106,2,6,489,27.0,C,OK,false,ACCEPT
107,2,7,489,27.0,C,OK,false,ACCEPT
108,2,8,489,27.0,C,OK,false,ACCEPT
109,2,9,489,27.0,C,OK,false,ACCEPT
110,2,10,,,C,SIMULATED_MISSING,true,REJECT_MISSING
111,2,11,489,27.0,C,OK,false,ACCEPT
112,2,12,489,27.0,C,OK,false,ACCEPT
113,2,13,489,27.0,C,OK,false,ACCEPT
114,2,14,489,27.0,C,OK,false,ACCEPT
115,2,15,489,27.0,C,OK,false,ACCEPT
116,2,16,489,27.0,C,OK,false,ACCEPT
117,2,17,489,27.0,C,OK,false,ACCEPT
118,2,18,489,27.0,C,OK,false,ACCEPT
119,2,19,489,27.0,C,OK,false,ACCEPT
120,2,20,489,27.0,C,OK,false,ACCEPT
121,2,21,489,27.0,C,OK,false,ACCEPT
122,2,22,489,27.0,C,OK,false,ACCEPT
123,2,23,489,27.0,C,OK,false,ACCEPT
124,2,24,489,27.0,C,OK,false,ACCEPT
125,2,25,489,27.0,C,OK,false,ACCEPT
